{"MeetingRoom":[{"Room2":{"slot48":null,"slot19":null,"slot18":null,"slot52":null,"slot62":null,"slot22":"2354347"}},{"Room1":{"slot48":null,"slot19":null,"slot18":null,"slot52":null,"slot12":"2354346","slot22":null}},{"Room3":{"slot48":"2354346","slot19":"2354346","slot18":"2354346","slot52":"2354346","slot22":"2354346"}},{"Room4":{"slot48":"2354346","slot19":"2354346","slot18":"2354346","slot52":"2354346","slot22":"2354346"}},{"Room8":{"slot48":null,"slot19":null,"slot18":null,"slot52":null,"slot12":"2354346","slot22":null}}]}